email,password
james.harrison92@gmail.com,Tr0ub4dor&3
emily.watson88@gmail.com,correct.horse.Battery
oliver.wright1990@gmail.com,P@ssw0rd!99
sophia.turner85@gmail.com,S3cur3P@ss#2026
william.cooper77@gmail.com,B1uesky$Fund
isabella.martin93@gmail.com,R3dFox!Jump
harry.johnson1989@gmail.com,M0unta1n@Peak
charlotte.davis87@gmail.com,Sunfl0wer#Gold
george.wilson91@gmail.com,L1ghtning!Bolt
amelia.taylor82@gmail.com,Cr4zy$H0rse
jack.anderson90@gmail.com,Purple!Rain99
ella.thomas86@gmail.com,Wh1te!N0ise2026
noah.jackson94@gmail.com,S1lver!Bullet
grace.white83@gmail.com,D4rk!Matter88
oscar.harris96@gmail.com,Qu1ck!F0x2026
lily.martinez84@gmail.com,Sh4dow!Walk3r
charlie.robinson95@gmail.com,Bl4ck!Pearl99
mia.clark89@gmail.com,G0lden!Gate26
ethan.lewis97@gmail.com,Th1rty!SevenK
ava.lee80@gmail.com,R4inbow!Bridge
henry.walker98@gmail.com,T1ger!Eye2026
poppy.hall79@gmail.com,N3on!L1ghts88
mason.allen99@gmail.com,V3lvet!Underground
freya.young78@gmail.com,El3ctric!Slide
lucas.hernandez00@gmail.com,W4terfal!View
daisy.king77@gmail.com,Gr4nd!C4nyon26
liam.wright01@gmail.com,Str4wberry!F1elds
ruby.scott76@gmail.com,Blu3!B3rry2026
archie.green02@gmail.com,H0ney!B4dger99
isla.baker75@gmail.com,P1nk!Panther88
leo.adams03@gmail.com,T1tanum!Bl4ze
evie.nelson74@gmail.com,Cr4mberry!J4m
theo.carter04@gmail.com,Wh1te!Wh4le26
willow.mitchell73@gmail.com,N3ptune!R1ng
alfie.perez05@gmail.com,Satur!n!R1ngs
phoebe.roberts72@gmail.com,Ste4lth!Bomba
finley.turner06@gmail.com,Mag1c!Carp3t26
harriet.phillips71@gmail.com,V1olet!St0rm88
elliot.campbell07@gmail.com,C0balt!Bl4ze
beatrice.parker70@gmail.com,Aurum!F1re26
reuben.evans08@gmail.com,Pr1sm!L1ght99
matilda.edwards69@gmail.com,Th3!H0bbit26
jude.collins09@gmail.com,M1dnight!Blu3
ottilie.stewart68@gmail.com,Cr1mson!Tid3
rory.sanchez10@gmail.com,Oph3lia!Dr3am
penelope.morris67@gmail.com,Sn0wfl4ke!26
felix.rogers11@gmail.com,Azu!r3!Blu388
cordelia.reed66@gmail.com,Tr0pica1!St0rm
jasper.cook12@gmail.com,J4de!Dragon26
rosie.morgan65@gmail.com,Cob4lt!Sk1es99
