number,country,provider,purchasedAt,expiresAt
+447700900001,UK,SMSPVA,2026-08-01,2026-09-01
+447700900002,UK,SMSPVA,2026-08-01,2026-09-01
+447700900003,UK,OnlineSIM,2026-08-01,2026-09-01
+447700900004,UK,OnlineSIM,2026-08-01,2026-09-01
+447700900005,UK,VirtualPhone,2026-08-01,2026-09-01
+447700900006,UK,SMSActivate,2026-08-01,2026-09-01
+447700900007,UK,Twilio,2026-08-01,2026-09-01
+447700900008,UK,SMSPVA,2026-08-01,2026-09-01
+447700900009,UK,OnlineSIM,2026-08-01,2026-09-01
+447700900010,UK,VirtualPhone,2026-08-01,2026-09-01
+33612000001,FR,SMSPVA,2026-08-01,2026-09-01
+33612000002,FR,OnlineSIM,2026-08-01,2026-09-01
+33612000003,FR,VirtualPhone,2026-08-01,2026-09-01
+33612000004,FR,SMSActivate,2026-08-01,2026-09-01
+33612000005,FR,Twilio,2026-08-01,2026-09-01
+32478000001,BE,SMSPVA,2026-08-01,2026-09-01
+32478000002,BE,OnlineSIM,2026-08-01,2026-09-01
+32478000003,BE,VirtualPhone,2026-08-01,2026-09-01
+32478000004,BE,SMSActivate,2026-08-01,2026-09-01
+32478000005,BE,Twilio,2026-08-01,2026-09-01
+49151000001,DE,SMSPVA,2026-08-01,2026-09-01
+49151000002,DE,OnlineSIM,2026-08-01,2026-09-01
+49151000003,DE,VirtualPhone,2026-08-01,2026-09-01
+49151000004,DE,SMSActivate,2026-08-01,2026-09-01
+49151000005,DE,Twilio,2026-08-01,2026-09-01
+447800100001,UK,SMSPVA,2026-08-01,2026-09-01
+447800100002,UK,OnlineSIM,2026-08-01,2026-09-01
+447800100003,UK,VirtualPhone,2026-08-01,2026-09-01
+447800100004,UK,SMSActivate,2026-08-01,2026-09-01
+447800100005,UK,Twilio,2026-08-01,2026-09-01
+447800200001,UK,SMSPVA,2026-08-01,2026-09-01
+447800200002,UK,OnlineSIM,2026-08-01,2026-09-01
+447800200003,UK,VirtualPhone,2026-08-01,2026-09-01
+447800200004,UK,SMSActivate,2026-08-01,2026-09-01
+447800200005,UK,Twilio,2026-08-01,2026-09-01
+33700000001,FR,SMSPVA,2026-08-01,2026-09-01
+33700000002,FR,OnlineSIM,2026-08-01,2026-09-01
+33700000003,FR,VirtualPhone,2026-08-01,2026-09-01
+33700000004,FR,SMSActivate,2026-08-01,2026-09-01
+33700000005,FR,Twilio,2026-08-01,2026-09-01
+32476000001,BE,SMSPVA,2026-08-01,2026-09-01
+32476000002,BE,OnlineSIM,2026-08-01,2026-09-01
+32476000003,BE,VirtualPhone,2026-08-01,2026-09-01
+32476000004,BE,SMSActivate,2026-08-01,2026-09-01
+32476000005,BE,Twilio,2026-08-01,2026-09-01
+49152000001,DE,SMSPVA,2026-08-01,2026-09-01
+49152000002,DE,OnlineSIM,2026-08-01,2026-09-01
+49152000003,DE,VirtualPhone,2026-08-01,2026-09-01
+49152000004,DE,SMSActivate,2026-08-01,2026-09-01
+49152000005,DE,Twilio,2026-08-01,2026-09-01
+447700900050,UK,SMSPVA,2026-08-01,2026-09-01
